id,inputMask,inputPattern,outputMask,outputPattern
R1,#### ?,JJJJ ?,um ####,um JJJJ
R2,####-####/####,JJJJ-ZZZZ/YYYY,"####/####,####","JJJJ/ZZZZ,YYYY"
R3,####/###,JJJJ/ZZZ,####/####,JJJJ/JZZZ
R4,####/#### + ####,JJJJ/ZZZZ + YYYY,"####/####,####","JJJJ/ZZZZ,YYYY"
R5,###?,JJJ?,###0/###9,JJJ0/JJJ9
R6,##??,JJ??,##00/##99,JJ00/JJ99
R7,- ####/####,- JJJJ/ZZZZ,bis ####,bis ZZZZ
R8,#,J,000#,000J
R9,-#,-J,-000#,-000J
R10,##,JJ,00##,00JJ
R11,-##,-JJ,-00##,-00JJ
R12,## A (####),NN A (JJJJ),####,JJJJ
R13,## A (####.##.##),## A (JJJJ.MM.TT),####-##-##,JJJJ-MM-TT
R14,###,JJJ,0###,0JJJ
R15,-###,-JJJ,-0###,-0JJJ
R16,### MM,JJJ MM,0###-##,0JJJ-MM
R17,### MM #,JJJ MM T,0###-##-0#,0JJJ-MM-0T
R18,### MM # - ### MM ##,JJJ MM T - ZZZ YY XX,0###-##-0#/0###-##-##,0JJJ-MM-0T/0ZZZ-YY-XX
R19,### MM ##,JJJ MM TT,0###-##-##,0JJJ-MM-TT
R20,### MM [vor ##],JJJ MM [vor TT],vor 0###-##-##,vor 0JJJ-MM-TT
R21,####-,JJJJ-,ab ####,ab JJJJ
R22,#### -,JJJJ -,ab ####,ab JJJJ
R23,#### - #,JJJJ - N,####,JJJJ
R24,#### - ##,JJJJ - ZZ,####,JJJJ
R25,#### - ## - ##,JJJJ - ZZ - VV,####,JJJJ
R26,#### - ####,JJJJ - ZZZZ,####/####,JJJJ/ZZZZ
R27,#### ? ####,JJJJ ? ZZZZ,####/####,JJJJ/ZZZZ
R28,"#### ? ####, ####","JJJJ ? ZZZZ, XXXX",####/####,JJJJ/XXXX
R29,#### - ##. ####,JJJJ - NN. ZZZZ,####/####,JJJJ/ZZZZ
R30,#### ####,JJJJ ZZZZ,####,JJJJ
R31,#### (####),JJJJ (ZZZZ),####,JJJJ
R32,#### (####/##) Aufnahme,JJJJ (ZZZZ/YY) Aufnahme,####/####,ZZZZ/ZZYY
R33,#### (####/##) Erstausgabe,JJJJ (ZZZZ/YY) Erstausgabe,####/####,ZZZZ/ZZYY
R34,#### (####/##) Erstdruck,JJJJ (ZZZZ/YY) Erstdruck,####/####,ZZZZ/ZZYY
R35,#### (####a),JJJJ (ZZZZa),####,JJJJ
R36,#### (####c),JJJJ (ZZZZc),####,JJJJ
R37,#### (##.#.####),ZZZZ (TT.M.JJJJ),####-0#-##,JJJJ-0M-TT
R38,#### (?),JJJJ (?),um ####,um JJJJ
R39,#### (ca.),JJJJ (ca.),um ####,um JJJJ
R40,#### (nach),JJJJ (nach),nach ####,nach JJJJ
R41,#### (Nachtr. ####),JJJJ (Nachtr. ZZZZ),####,JJJJ
R42,#### (Nachtrag ####/##),JJJJ (Nachtrag ZZZZ/XX),####,JJJJ
R43,#### (Original),JJJJ (Original),####,JJJJ
R44,#### (um),JJJJ (um),um ####,um JJJJ
R45,#### (vor),JJJJ (vor),vor ####,vor JJJJ
R46,#### / #### (?),JJJJ / ZZZZ (?),"um ####/####","um JJJJ/ZZZZ"
R47,#### [### H],JJJJ [ZZZ H],####,JJJJ
R48,#### [####],ZZZZ [JJJJ],####,JJJJ
R49,#### [erschienen ####],JJJJ [erschienen ZZZZ],####,JJJJ
R50,#### [erschienen ca. ####],JJJJ [erschienen ca. ZZZZ],####,JJJJ
R51,#### [erschienen] ####,JJJJ [erschienen] ZZZZ,####,JJJJ
R52,#### [i. e. ####],ZZZZ [i. e. JJJJ],####,JJJJ
R53,#### [i.e. ####],JJJJ [i.e. ZZZZ],####,ZZZZ
R54,#### [nach ##.##.],JJJJ [nach MM.TT.],nach ####-##-##,nach JJJJ-MM-TT
R55,#### [nicht nach ##.##.],JJJJ [nicht nach MM.TT.],vor ####-##-##,vor JJJJ-MM-TT
R56,#### = ### [jüd. Zeit],JJJJ = ZZZ [jüd. Zeit],####,JJJJ
R57,#### = ####,JJJJ = ZZZZ,####,JJJJ
R58,#### = #### [jüd. Zeit],JJJJ = ZZZZ [jüd. Zeit],####,JJJJ
R59,#### = #### h.,JJJJ = ZZZZ h.,####,JJJJ
R60,#### = IV [Franz. Revolution],JJJJ = IV [Franz. Revolution],####,JJJJ
R61,#### = X [Franz. Revolution],JJJJ = X [Franz. Revolution],####,JJJJ
R62,#### ca.,JJJJ ca.,um ####,um JJJJ
R63,#### ff.,JJJJ ff.,nach ####,nach JJJJ
R64,#### MM,JJJJ MM,####-##,JJJJ-MM
R65,#### MM #,JJJJ MM T,####-##-0#,JJJJ-MM-0T
R66,#### MM # / #### MM ##,JJJJ MM T / ZZZZ YY XX,"####-##-0#,####-##-##","JJJJ-MM-0T,ZZZZ-YY-XX"
R67,#### MM ##,JJJJ MM TT,####-##-##,JJJJ-MM-TT
R68,#### MM ## / ##,JJJJ MM TT / ZZ,"####-##-##,####-##-##","JJJJ-MM-TT,JJJJ-MM-ZZ"
R69,#### nachgewiesen,JJJJ nachgewiesen,####,JJJJ
R70,#### u. ff.,JJJJ u. ff.,nach ####,nach JJJJ
R71,#### u.####,JJJJ u.ZZZZ,"####,####","JJJJ,ZZZZ"
R72,####-##,JJJJ-ZZ,####,JJJJ
R73,####-##-##,JJJJ-MM-TT,####-##-##,JJJJ-MM-TT
R74,####-#### (####-####),JJJJ-ZZZZ (NNNN-OOOO),####/####,JJJJ/ZZZZ
R75,####-#### (##.me),JJJJ-ZZZZ (NN.me),####/####,JJJJ/ZZZZ
R76,####-##-##/####-##-##,JJJJ-MM-TT/ZZZZ-YY-XX,####-##-##/####-##-##,JJJJ-MM-TT/ZZZZ-YY-XX
R77,####-##-##T##:##:##+##:##,JJJJ-MM-TTTHH:NN:SS+OO:PP,####-##-##,JJJJ-MM-TT
R78,####-##-00,JJJJ-MM-00,####-##,JJJJ-MM
R79,####(####) -,JJJJ(ZZZZ) -,ab ####,ab JJJJ
R80,####(####) - ####(####),JJJJ(ZZZZ) - XXXX(YYYY),####/####,JJJJ/XXXX
R81,####),JJJJ),####,JJJJ
R82,"####, ####","JJJJ, ZZZZ","####,####","JJJJ,ZZZZ"
R83,"####, #### ? ####","JJJJ, ZZZZ ? XXXX",####/####,JJJJ/XXXX
R84,"####, ####, ####","JJJJ, ZZZZ, XXXX","####,####,####","JJJJ,ZZZZ,XXXX"
R85,"####, ####, ####, ####","JJJJ, XXXX, YYYY, ZZZZ","####,####,####,####","JJJJ,XXXX,YYYY,ZZZZ"
R86,"####, ####, ####, ####, ####","JJJJ, XXXX, YYYY, ZZZZ, TTTT","####,####,####,####,####","JJJJ,XXXX,YYYY,ZZZZ,TTTT"
R87,"####, ##.","JJJJ, MM.",####-##,JJJJ-MM
R88,"####, ##. ##","JJJJ, MM. TT",####-##-##,JJJJ-MM-TT
R89,"####, ##. MM","JJJJ, TT. MM",####-##-##,JJJJ-MM-TT
R90,"####, #. MM","JJJJ, T. MM",####-##-0#,JJJJ-MM-0T
R91,"####, (####)","JJJJ, (ZZZZ)",####,JJJJ
R92,"####, [####?]","JJJJ, [ZZZZ?]",vermutlich ####,vermutlich JJJJ
R93,"####, [####]","JJJJ, [ZZZZ]",####,JJJJ
R94,"####, [ca. ####]","JJJJ, [ca. ZZZZ]",um ####,um JJJJ
R95,"####, c ####","JJJJ, c ZZZZ",####,JJJJ
R96,"####, MM","JJJJ, MM",####-##,JJJJ-MM
R97,"####, MM-####, MM","JJJJ, MM-ZZZZ, YY",####-##/####-##,JJJJ-MM/ZZZZ-YY
R98,"####,# -","JJJJ,N -",ab ####,ab JJJJ
R99,####. ##,JJJJ. NN,####,JJJJ
R100,####. ####,JJJJ. ZZZZ,####,JJJJ
R101,####. ##. ##,JJJJ. MM. TT,####-##-##,JJJJ-MM-TT
R102,####.##,JJJJ.NN,####,JJJJ
R103,####.##-##,JJJJ.NN-OO,####,JJJJ
R104,####.##.,JJJJ.NN.,####,JJJJ
R105,####.##.##,JJJJ.MM.TT,####-##-##,JJJJ-MM-TT
R106,####.##.##.,JJJJ.MM.TT.,####-##-##,JJJJ-MM-TT
R107,####.##.##.- ####.##.##.,JJJJ.MM.TT.- ZZZZ.YY.XX.,####-##-##/####-##-##,JJJJ-MM-TT/ZZZZ-YY-XX
R108,####/##,JJJJ/ZZ,"####,####","JJJJ,JJZZ"
R109,-####/##,-JJJJ/ZZ,bis ####,bis JJZZ
R110,####/## = IX [Franz. Revolution],JJJJ/ZZ = IX [Franz. Revolution],####/####,JJJJ/JJZZ
R111,####/## = VI [Franz. Revolution],JJJJ/ZZ = VI [Franz. Revolution],####/####,JJJJ/JJZZ
R112,####/## = VII [Franz. Revolution],JJJJ/ZZ = VII [Franz. Revolution],####/####,JJJJ/JJZZ
R113,####/## = X [Franz. Revolution],JJJJ/ZZ = X [Franz. Revolution],####/####,JJJJ/JJZZ
R114,####/#### vermutlich,JJJJ/ZZZZ vermutlich,####/####,JJJJ/ZZZZ
R115,####/#### (Nachtrag ####),JJJJ/ZZZZ (Nachtrag XXXX),"####,####","JJJJ,ZZZZ"
R116,####/#### (um),JJJJ/ZZZZ (um),um ####/um ####,um JJJJ/um ZZZZ
R117,####/#### = VIII [Franz. Revolution],JJJJ/ZZZZ = VIII [Franz. Revolution],####/####,JJJJ/ZZZZ
R118,####/##(####) -,JJJJ/XX(ZZZZ) -,ab ####,ab JJJJ
R119,####/##.##.##,JJJJ/ZZ.MM.TT,####-01-01/####-##-##,JJJJ-01-01/JJZZ-MM-TT
R120,####/##/##,JJJJ/MM/TT,####-##-##,JJJJ-MM-TT
R121,####/[####],JJJJ/[ZZZZ],####,JJJJ
R122,####?,JJJJ?,um ####,um JJJJ
R123,####= ### [jüd. Zeit],JJJJ= ZZZ [jüd. Zeit],####,JJJJ
R124,####-00-00,JJJJ-00-00,####,JJJJ
R125,"##,####","NN,JJJJ",####,JJJJ
R126,##. - ##. Jh.,JJ. - ZZ. Jh.,##. Jahrhundert/##. Jahrhundert,JJ. Jahrhundert/ZZ. Jahrhundert
R127,##. ? ##. MM ####,TT. ? XX. MM JJJJ,####-##-##/####-##-##,JJJJ-MM-TT/JJJJ-MM-XX
R128,##. ####,NN. JJJJ,####,JJJJ
R129,##. Jh.,JJ. Jh.,##. Jahrhundert,JJ. Jahrhundert
R130,##. Jh. (Anf.),JJ. Jh. (Anf.),Anfang ##. Jahrhundert,Anfang JJ. Jahrhundert
R131,##. MM ####,TT. MM JJJJ,####-##-##,JJJJ-MM-TT
R132,##. und ##. Jahrh.,JJ. und ZZ. Jahrh.,"##. Jahrhundert,##. Jahrhundert","JJ. Jahrhundert,ZZ. Jahrhundert"
R133,##. und ##. Jh.,JJ. und ZZ. Jh.,"##. Jahrhundert,##. Jahrhundert","JJ. Jahrhundert,ZZ. Jahrhundert"
R134,##.####,NN.JJJJ,####,JJJJ
R135,##.#### -,NN.JJJJ -,ab ####,ab JJJJ
R136,##.#### - ##.####; lückenhaft,NN.JJJJ - OO.ZZZZ; lückenhaft,####/####,JJJJ/ZZZZ
R137,##.-##. Jh.,JJ.-ZZ. Jh.,##. Jahrhundert/##. Jahrhundert,JJ. Jahrhundert/ZZ. Jahrhundert
R138,##.##.##,TT.MM.JJ,19##-##-##,19JJ-MM-TT
R139,##.##.####,TT.MM.JJJJ,####-##-##,JJJJ-MM-TT
R140,##.-##.#. ####,TT.-XX.M. JJJJ,####-0#-##/####-0#-##,JJJJ-0M-TT/JJJJ-0M-XX
R141,##.##.0#,TT.MM.0J,200#-##-##,200J-MM-TT
R142,##.#.####,TT.M.JJJJ,####-0#-##,JJJJ-0M-TT
R143,##./##. Jh.,JJ./ZZ. Jh.,##. Jahrhundert/##. Jahrhundert,JJ. Jahrhundert/ZZ. Jahrhundert
R144,##/##/####,MM/TT/JJJJ,####-##-##,JJJJ-MM-TT
R145,##/#/####,MM/T/JJJJ,####-##-0#,JJJJ-MM-0T
R146,##uu,JJuu,##00/##99,JJ00/JJ99
R147,##XX,JJXX,nach ##00,nach JJ00
R148,"#,####","M,JJJJ",####-0#,JJJJ-0M
R149,#. Drittel #. Jh.,Z. Drittel J. Jh.,#. Drittel #. Jahrhundert,Z. Drittel J. Jahrhundert
R150,#. Hälfte ##. Jh.,Z. Hälfte JJ. Jh.,#. Hälfte ##. Jahrhundert,Z. Hälfte JJ. Jahrhundert
R151,#. Jh.,J. Jh.,#. Jahrhundert,J. Jahrhundert
R152,#. MM ####,T. MM JJJJ,####-##-0#,JJJJ-MM-0T
R153,#. Viertel ##. Jh.,Z. Viertel JJ. Jh.,#. Viertel ##. Jahrhundert,Z. Viertel JJ. Jahrhundert
R154,#. Viertel #. Jh.,Z. Viertel J. Jh.,#. Viertel #. Jahrhundert,Z. Viertel J. Jahrhundert
R155,#.####,N.JJJJ,####,JJJJ
R156,#.#### -,N.JJJJ -,ab ####,ab JJJJ
R157,#.#### - ##.####,N.JJJJ - OO.ZZZZ,####/####,JJJJ/ZZZZ
R158,#.#### - #.####,N.JJJJ - O.ZZZZ,####/####,JJJJ/ZZZZ
R159,#.##.####,T.MM.JJJJ,####-##-0#,JJJJ-MM-0T
R160,#.#.####,T.M.JJJJ,####-0#-0#,JJJJ-0M-0T
R161,#/##/####,M/TT/JJJJ,####-0#-##,JJJJ-0M-TT
R162,#/#/####,M/T/JJJJ,####-0#-0#,JJJJ-0M-0T
R163,(#### - ####),(JJJJ - ZZZZ),####/####,JJJJ/ZZZZ
R164,(#### -) ####,(JJJJ -) ZZZZ,####/####,JJJJ/ZZZZ
R165,(####),(JJJJ),####,JJJJ
R166,(####) ####,(JJJJ) ZZZZ,####,ZZZZ
R167,(####) = XI [Franz. Revolution],(JJJJ) = XI [Franz. Revolution],####,JJJJ
R168,(####.##.##),(JJJJ.MM.TT),####-##-##,JJJJ-MM-TT
R169,(####.##.##.),(JJJJ.MM.TT.),####-##-##,JJJJ-MM-TT
R170,(####/####) = VIII [Franz. Revolution],(JJJJ/ZZZZ) = VIII [Franz. Revolution],####/####,JJJJ/ZZZZ
R171,(####/##) = IX [Franz. Revolution],(JJJJ/ZZ) = IX [Franz. Revolution],####/####,JJJJ/JJZZ
R172,(####/##) = VII [Franz. Revolution],(JJJJ/ZZ) = VII [Franz. Revolution],####/####,JJJJ/JJZZ
R173,([####-####],([JJJJ-ZZZZ],####/####,JJJJ/ZZZZ
R174,(c. ####),(c. JJJJ),um ####,um JJJJ
R175,(ca. ####),(ca. JJJJ),um ####,um JJJJ
R176,[### MM #],[JJJ MM T],0###-##-0#,0JJJ-MM-0T
R177,[#### - ####],[JJJJ - ZZZZ],####/####,JJJJ/ZZZZ
R178,[#### ?],[JJJJ ?],um ####,um JJJJ
R179,[#### Jh.],[JJZZ Jh.],##. Jahrhundert,JJ. Jahrhundert
R180,[#### MM #],[JJJJ MM T],####-##-0#,JJJJ-MM-0T
R181,[####-####],[JJJJ-ZZZZ],####/####,JJJJ/ZZZZ
R182,[####-####],[JJJJ-ZZZZ],####/####,JJJJ/ZZZZ
R183,[####/##],[JJJJ/ZZ],"####,####","JJJJ,JJZZ"
R184,[####?],[JJJJ?],vermutlich ####,vermutlich JJJJ
R185,[####],[JJJJ],####,JJJJ
R186,[####] = ####,[JJJJ] = ZZZZ,####,JJJJ
R187,[####] = #### [h.],[JJJJ] = ZZZZ [h.],####,JJJJ
R188,[####] = #### h.,[JJJJ] = ZZZZ h.,####,JJJJ
R189,[###] MM ##,[JJJ] MM TT,0###-##-##,0JJJ-MM-TT
R190,[##. - ##. Jh.],[JJ. - ZZ. Jh.],##. Jahrhundert/##. Jahrhundert,JJ. Jahrhundert/ZZ. Jahrhundert
R191,[##. Jahrh.],[JJ. Jahrh.],##. Jahrhundert,JJ. Jahrhundert
R192,[##. Jh. Anfang],[JJ. Jh. Anfang],Anfang ##. Jahrhundert,Anfang JJ. Jahrhundert
R193,[##. Jh.],[JJ. Jh.],##. Jahrhundert,JJ. Jahrhundert
R194,[##. und ##. Jh.],[JJ. und ZZ. Jh.],"##. Jahrhundert,##. Jahrhundert","JJ. Jahrhundert,ZZ. Jahrhundert"
R195,[##]##,[JJ]ZZ,####,JJZZ
R196,[##]##.##.##.,[JJ]ZZ.MM.TT.,####-##-##,JJZZ-MM-TT
R197,[#. Drittel ##. Jh.],[Z. Drittel JJ. Jh.],#. Drittel ##. Jahrhundert,Z. Drittel JJ. Jahrhundert
R198,[#. Drittel des ##. Jh.],[Z. Drittel des JJ. Jh.],#. Drittel ##. Jahrhundert,Z. Drittel JJ. Jahrhundert
R199,[#. Drittel des #. Jh.],[Z. Drittel des J. Jh.],#. Drittel #. Jahrhundert,Z. Drittel J. Jahrhundert
R200,[#. Hälfte ##. Jahrh.],[Z. Hälfte JJ. Jahrh.],#. Hälfte ##. Jahrhundert,Z. Hälfte JJ. Jahrhundert
R201,[#. Hälfte ##. Jh.],[Z. Hälfte JJ. Jh.],#. Hälfte ##. Jahrhundert,Z. Hälfte JJ. Jahrhundert
R202,[#. Hälfte des ##. Jh.],[Z. Hälfte des JJ. Jh.],#. Hälfte ##. Jahrhundert,Z. Hälfte JJ. Jahrhundert
R203,[#. Jh.],[J. Jh.],#. Jahrhundert,J. Jahrhundert
R204,[#. Quartal ##. Jh.],[Z. Quartal JJ. Jh.],#. Viertel ##. Jahrhundert,Z. Viertel JJ. Jahrhundert
R205,[#. Quartal ##. Jh.],[Z. Quartal JJ. Jh.],#. Viertel ##. Jahrhundert,Z. Viertel JJ. Jahrhundert
R206,[(####)],[(JJJJ)],####,JJJJ
R207,[Anfang ##. Jh.],[Anfang JJ. Jh.],Anfang ##. Jahrhundert,Anfang JJ. Jahrhundert
R208,[Anno ####],[Anno JJJJ],####,JJJJ
R209,[c ####],[c JJJJ],####,JJJJ
R210,[c. ####],[c. JJJJ],um ####,um JJJJ
R211,[ca. #### - ####],[ca. JJJJ - ZZZZ],um ####/####,um JJJJ/ZZZZ
R212,[ca. ####-####],[ca. JJJJ-ZZZZ],um ####/um ####,um JJJJ/um ZZZZ
R213,[ca. ####-##],[ca. JJJJ-ZZ],um ####/um ####,um JJJJ/um JJZZ
R214,[ca. ####/####],[ca. JJJJ/ZZZZ],um ####/um ####,um JJJJ/um ZZZZ
R215,[ca. ####/##],[ca. JJJJ/ZZ],um ####/um ####,um JJJJ/um JJZZ
R216,[ca. ####?],[ca. JJJJ?],um ####,um JJJJ
R217,[ca. ####],[ca. JJJJ],um ####,um JJJJ
R218,[ca.####],[ca.JJJJ],um ####,um JJJJ
R219,[circa ####],[circa JJJJ],um ####,um JJJJ
R220,[ersch. ####],[ersch. JJJJ],####,JJJJ
R221,[i.e. ####?],[i.e. JJJJ?],vermutlich ####,vermutlich JJJJ
R222,[i.e.####],[i.e.JJJJ],####,JJJJ
R223,[MM ####],[MM JJJJ],####-##,JJJJ-MM
R224,[nach ####.##.##.],[nach JJJJ.MM.TT.],nach ####-##-##,nach JJJJ-MM-TT
R225,[nach ####.##.##],[nach JJJJ.MM.TT],nach ####-##-##,nach JJJJ-MM-TT
R226,[nach ####?],[nach JJJJ?],nach ####,nach JJJJ
R227,[nach ####],[nach JJJJ],nach ####,nach JJJJ
R228,[nach ##. MM ####],[nach TT. MM JJJJ],nach ####-##-##,nach JJJJ-MM-TT
R229,[nach #. MM ####],[nach T. MM JJJJ],nach ####-##-0#,nach JJJJ-MM-0T
R230,[nicht nach ####.##.##.],[nicht nach JJJJ.MM.TT.],vor ####-##-##,vor JJJJ-MM-TT
R231,[nicht nach ####],[nicht nach JJJJ],vor ####,vor JJJJ
R232,[nicht vor ####.##.##.],[nicht vor JJJJ.MM.TT.],nach ####-##-##,nach JJJJ-MM-TT
R233,[nicht vor ####.##.##],[nicht vor JJJJ.MM.TT],nach ####-##-##,nach JJJJ-MM-TT
R234,[nicht vor ####.##.],[nicht vor JJJJ.MM.],nach ####-##,nach JJJJ-MM
R235,[nicht vor ####],[nicht vor JJJJ],nach ####,nach JJJJ
R236,[um #### - ####],[um JJJJ - ZZZZ],um ####/####,um JJJJ/ZZZZ
R237,[um #### - um ####],[um JJJJ - um ZZZZ],um ####/####,um JJJJ/ZZZZ
R238,[um ####/##],[um JJJJ/ZZ],"um ####,um ####","um JJJJ,um JJZZ"
R239,[um ####?],[um JJJJ?],vermutlich ####,vermutlich JJJJ
R240,[um ####],[um JJJJ],um ####,um JJJJ
R241,[um ####],[um JJJJ],um ####,um JJJJ
R242,[vor ####.##.##.],[vor JJJJ.MM.TT.],vor ####-##-##,vor JJJJ-MM-TT
R243,[vor ####],[vor JJJJ],vor ####,vor JJJJ
R244,an VII [i.e.####/##],an VII [i.e.JJJJ/ZZ],"####,####","JJJJ,JJZZ"
R245,Anfang ##. Jh.,Anfang JJ. Jh.,Anfang ##. Jahrhundert,Anfang JJ. Jahrhundert
R246,Anfang #. Jh.,Anfang J. Jh.,Anfang #. Jahrhundert,Anfang J. Jahrhundert
R247,c ####,c JJJJ,um ####,um JJJJ
R248,c. ####,c. JJJJ,um ####,um JJJJ
R249,circa ####,circa JJJJ,um ####,um JJJJ
R250,Ende ##. Jh.,Ende JJ. Jh.,Ende ##. Jahrhundert,Ende JJ. Jahrhundert
R251,Ende ##. Jh./Anfang ##. Jh.,Ende JJ. Jh./Anfang ZZ. Jh.,"Ende ##. Jahrhundert,Anfang ##. Jahrhundert","Ende JJ. Jahrhundert,Anfang ZZ. Jahrhundert"
R252,frühes ##. Jahrhundert,frühes JJ. Jahrhundert,Anfang ##. Jahrhundert,Anfang JJ. Jahrhundert
R253,Geistesgeschichte ####-####,Geistesgeschichte JJJJ-ZZZZ,####/####,JJJJ/ZZZZ
R254,Geschichte ### v. Chr.-###,Geschichte JJJ v. Chr.-ZZZ,-0###/0###,-0JJJ/0ZZZ
R255,Geschichte ### v. Chr.-### v. Chr.,Geschichte JJJ v. Chr.-ZZZ v. Chr.,-0###/-0###,-0JJJ/-0ZZZ
R256,Geschichte ####,Geschichte JJJJ,####,JJJJ
R257,Geschichte ####,Geschichte JJJJ,####,JJJJ
R258,Geschichte ####-,Geschichte JJJJ-,ab ####,ab JJJJ
R259,Geschichte -####,Geschichte -JJJJ,bis ####,bis JJJJ
R260,Geschichte #### - ####,Geschichte JJJJ - ZZZZ,####/####,JJJJ/ZZZZ
R261,Geschichte #### v.Chr.-####,Geschichte JJJJ v.Chr.-ZZZZ,-####/####,-JJJJ/ZZZZ
R262,Geschichte ###-###,Geschichte JJJ-ZZZ,0###/0###,0JJJ/0ZZZ
R263,Geschichte ###-####,Geschichte JJJ-ZZZZ,0###/####,0JJJ/ZZZZ
R264,Geschichte ####-####,Geschichte JJJJ-ZZZZ,####/####,JJJJ/ZZZZ
R265,Geschichte Anfänge-####,Geschichte Anfänge-JJJJ,bis ####,bis JJJJ
R266,Geschichte Anfänge-####,Geschichte Anfänge-JJJJ,bis ####,bis JJJJ
R267,"GG, ##. MM ####","GG, TT. MM JJJJ",####-##-##,JJJJ-MM-TT
R268,"GG, ##.##.####","GG, TT.MM.JJJJ",####-##-##,JJJJ-MM-TT
R269,Karolingisch,Karolingisch,0750/0911,0750/0911
R270,Klassizistisch,Klassizistisch,1770/1830,1770/1830
R271,Mitte ##. Jh.,Mitte JJ. Jh.,Mitte ##. Jahrhundert,Mitte JJ. Jahrhundert
R272,MM ? MM ####,MM ? YY JJJJ,####-##/####-##,JJJJ-MM/JJJJ-YY
R273,MM ####,MM JJJJ,####-##,JJJJ-MM
R274,MM #### ? MM ####,MM JJJJ ? YY ZZZZ,####-##/####-##,JJJJ-MM/ZZZZ-YY
R275,Nachgewiesen #### -,Nachgewiesen JJJJ -,ab ####,ab JJJJ
R276,Nachgewiesen ####(####) -,Nachgewiesen JJJJ(ZZZZ) -,ab ####,ab JJJJ
R277,Nachgewiesen ##.#### -,Nachgewiesen NN.JJJJ -,ab ####,ab JJJJ
R278,Nachgewiesen #.#### -,Nachgewiesen N.JJJJ -,ab ####,ab JJJJ
R279,Nr. #.#### -,Nr. N.JJJJ -,ab ####,ab JJJJ
R280,Ottonisch,Ottonisch,0936/1024,0936/1024
R281,Römisch,Römisch,-500/395,-500/395
R282,s.a. [####],s.a. [JJJJ],####,JJJJ
R283,s.a. [ca. ####-####],s.a. [ca. JJJJ-ZZZZ],um ####/um ####,um JJJJ/um ZZZZ
R284,s.a. [ca. ####],s.a. [ca. JJJJ],um ####,um JJJJ
R285,s.a. [nach ####],s.a. [nach JJJJ],nach ####,nach JJJJ
R286,s.a. [circa ####],s.a. [circa JJJJ],um ####,um JJJJ
R287,s.a. [zwischen #### u. ####],s.a. [zwischen JJJJ u. ZZZZ],####/####,JJJJ/ZZZZ
R288,Sozialgeschichte ####-####,Sozialgeschichte JJJJ-ZZZZ,####/####,JJJJ/ZZZZ
R289,-SS ####,-SS JJJJ,####,JJJJ
R290,um ###,um JJJ,um 0###,um 0JJJ
R291,um #### - ####,um JJJJ - ZZZZ,um ####/um ####,um JJJJ/um ZZZZ
R292,um ####-####,um JJJJ-ZZZZ,um ####/um ####,um JJJJ/um ZZZZ
R293,um ####/##,um JJJJ/ZZ,um ####/um ####,um JJJJ/um JJZZ
R294,um ####/####,um JJJJ/ZZZZ,um ####/um ####,um JJJJ/um ZZZZ
R295,#.#### - ###.####[?],Q.JJJJ - NNN.ZZZZ[?],um ####/um ####,um JJJJ/um ZZZZ
R296,#.#### - ####/##.####[?],W.JJJJ - NNNN/QQ.ZZZZ[?],um ####/um ####,um JJJJ/um ZZZZ
R297,#.#### - ##.[####][?],N.JJJJ - QQ.[ZZZZ][?],um ####/um ####,um JJJJ/um ZZZZ
R298,####-####,JJJJ-ZZZZ,####/####,JJJJ/ZZZZ
R299,#.#### - ##.#### = Nr. #-###,P.JJJJ - NN.ZZZZ = Nr. Q-WWW,####/####,JJJJ/ZZZZ
R300,Nachgewiesen #### - ####,Nachgewiesen JJJJ - ZZZZ,####/####,JJJJ/ZZZZ
R301,# v. Chr.,J v. Chr.,-#,-J
R302,## v. Chr.,JJ v. Chr.,-##,-JJ
R303,### v. Chr.,JJJ v. Chr.,-###,-JJJ
R304,#### v. Chr.,JJJJ v. Chr.,-####,-JJJJ
R305,##### v. Chr.,JJJJJ v. Chr.,-#####,-JJJJJ
R306,###### v. Chr.,JJJJJJ v. Chr.,-######,-JJJJJJ
R307,####### v. Chr.,JJJJJJJ v. Chr.,-#######,-JJJJJJJ
R308,######## v. Chr.,JJJJJJJJ v. Chr.,-########,-JJJJJJJJ
R309,######### v. Chr.,JJJJJJJJJ v. Chr.,-#########,-JJJJJJJJJ
R310,vor # Mio. Jahren,vor J Mio. Jahren,-#000000,-J000000
R311,vor ## Mio. Jahren,vor JJ Mio. Jahren,-##000000,-JJ000000
R312,vor ### Mio. Jahren,vor JJJ Mio. Jahren,-###000000,-JJJ000000
R313,vor #### Mio. Jahren,vor JJJJ Mio. Jahren,-####000000,-JJJJ000000
R314,in # Mio. Jahren,in J Mio. Jahren,#000000,J000000
R315,in ## Mio. Jahren,in JJ Mio. Jahren,##000000,JJ000000
R316,in ### Mio. Jahren,in JJJ Mio. Jahren,###000000,JJJ000000
R317,in #### Mio. Jahren,in JJJJ Mio. Jahren,####000000,JJJJ000000
R318,vor # Mrd. Jahren,vor J Mrd. Jahren,-#000000000,-J000000000
R319,vor ## Mrd. Jahren,vor JJ Mrd. Jahren,-##000000000,-JJ000000000
R320,vor ### Mrd. Jahren,vor JJJ Mrd. Jahren,-###000000000,-JJJ000000000
R321,vor #### Mrd. Jahren,vor JJJJ Mrd. Jahren,-####000000000,-JJJJ000000000
R322,in # Mrd. Jahren,in J Mrd. Jahren,#000000000,J000000000
R323,in ## Mrd. Jahren,in JJ Mrd. Jahren,##000000000,JJ000000000
R324,in ### Mrd. Jahren,in JJJ Mrd. Jahren,###000000000,JJJ000000000
R325,in #### Mrd. Jahren,in JJJJ Mrd. Jahren,####000000000,JJJJ000000000
R326,vor # Billionen Jahren,vor J Billionen Jahren,-#000000000000,-J000000000000
R327,vor ## Billionen Jahren,vor JJ Billionen Jahren,-##000000000000,-JJ000000000000
R328,vor ### Billionen Jahren,vor JJJ Billionen Jahren,-###000000000000,-JJJ000000000000
R329,vor #### Billionen Jahren,vor JJJJ Billionen Jahren,-####000000000000,-JJJJ000000000000
R330,in # Billionen Jahren,in J Billionen Jahren,#000000000000,J000000000000
R331,in ## Billionen Jahren,in JJ Billionen Jahren,##000000000000,JJ000000000000
R332,in ### Billionen Jahren,in JJJ Billionen Jahren,###000000000000,JJJ000000000000
R333,in #### Billionen Jahren,in JJJJ Billionen Jahren,####000000000000,JJJJ000000000000
R334,###0er Jahre,JJJ0er Jahre,###0/###9,JJJ0/JJJ9
R335,##.####,MM.JJJJ,####-##,JJJJ-MM
R336,#### – ####,JJJJ – ZZZZ,####/####,JJJJ/ZZZZ
R337,MM – MM ####,MM – YY JJJJ,####-##/####-##,JJJJ-MM/JJJJ-YY
R338,MM #### – MM ####,MM JJJJ – YY ZZZZ,####-##/####-##,JJJJ-MM/ZZZZ-YY
R339,##. – ##. MM ####,TT. – XX. MM JJJJ,####-##-##/####-##-##,JJJJ-MM-TT/JJJJ-MM-XX
R340,##-##-####,TT-MM-JJJJ,####-##-##,JJJJ-MM-TT
R341,"####,####,####","JJJJ,XXXX,ZZZZ",####/####,JJJJ/ZZZZ
R342,"####,MM-####,MM","JJJJ,MM-ZZZZ,YY",####-##/####-##,JJJJ-MM/ZZZZ-YY
R343,"#### – ####, ####","JJJJ – XXXX, ZZZZ",####/####,JJJJ/ZZZZ
R344,"####, #### – ####","JJJJ, XXXX – ZZZZ",####/####,JJJJ/ZZZZ
R345,"-####,##(MM)","-JJJJ,TT(MM)",-####-##-##,-JJJJ-MM-TT
R346,"-####,MM","-JJJJ,MM",-####-##,-JJJJ-MM
